Unnamed: 0,affiliation,email,citedby,scholar_id,filled,interests,name,url_picture,citedby5y,hindex,hindex5y,i10index,i10index5y,got_publications,got_coauthors
297561,"Tech Lead/Manager, Staff Software Engineer, Google",@google.com,10437,SrvmzJIAAAAJ,{'indices'},Android,Ashish Sharma,https://scholar.google.com/citations?view_op=medium_photo&user=SrvmzJIAAAAJ,6728,34,31,323,172,0,1
297562,Research Scholar,@4squarelogic.info,5408,eLHL-6AAAAAJ,{'indices'},Android|Artificial Intelligence,Rajat Sharma,https://scholar.google.com/citations?view_op=medium_photo&user=eLHL-6AAAAAJ,3082,30,19,122,54,0,1
297563,"Assistant Research Professor, IMDEA Software Institute",@imdea.org,3960,6uUwTrwAAAAJ,{'indices'},Software Engineering|Software Testing|Mobile apps|Android,Alessandra Gorla,https://scholar.google.com/citations?view_op=medium_photo&user=6uUwTrwAAAAJ,2423,21,18,27,24,0,1
297564,National Institute of Advanced Industrial Science and Technology,,3629,dXvBoPYAAAAJ,{'indices'},robotics|vision|gaze|android|interface,Yoshio Matsumoto,https://scholar.google.com/citations?view_op=medium_photo&user=dXvBoPYAAAAJ,1032,31,18,76,36,0,1
297565,University of Erlangen-Nuremberg,@spreitzenbarth.de,2419,CBppe-UAAAAJ,{'indices'},Mobile Malware|Mobile Phone Forensics|Digital Forensics|Android,Michael Spreitzenbarth,https://scholar.google.com/citations?view_op=medium_photo&user=CBppe-UAAAAJ,1991,11,10,13,10,0,1
297566,,,2343,4V7usdAAAAAJ,{'indices'},Artificial intelligence|Android|Networking,Daya Philip,https://scholar.google.com/citations?view_op=medium_photo&user=4V7usdAAAAAJ,667,23,12,33,19,0,1
297567,"Director of Engineering, Google",@rlove.org,2026,9G5MRoMAAAAJ,{'indices'},Operating Systems|Distributed Systems|Mobile Devices|Linux kernel|Android,Robert Love,https://scholar.google.com/citations?view_op=medium_photo&user=9G5MRoMAAAAJ,494,16,7,17,7,0,1
297568,AMD,@vip.qq.com,1748,qR73USEAAAAJ,{'indices'},IT|Android|Google,Michael Cheng,https://scholar.google.com/citations?view_op=medium_photo&user=qR73USEAAAAJ,439,21,9,33,9,0,1
297569,"Assistant Professor of Computer Engineering at University of Cagliari, Italy",@unica.it,1734,pnzh_cIAAAAJ,{'indices'},Computer Security|Pattern Recognition|Adversarial Machine Learning|PDF|Android,Davide Maiorca,https://scholar.google.com/citations?view_op=medium_photo&user=pnzh_cIAAAAJ,1609,16,16,17,17,0,1
297570,"EXATEC, Instituto Tecnológico de Estudios Superiores de Monterrey",@exatec.tec.mx,1319,uQ6U068AAAAJ,{'indices'},Inteligencia Artificial|Android|Proyectos,Julio Del Valle,https://scholar.google.com/citations?view_op=medium_photo&user=uQ6U068AAAAJ,317,21,11,31,12,0,1
297571,Universidad de Granada - Dept. Electrónica y Tecnología de Computadores,@ugr.es,814,jtpxtzoAAAAJ,{'indices'},Electronic instrumentation|Android|Optical Sensor|Colorimetry|Sensors,Nuria López Ruiz,https://scholar.google.com/citations?view_op=medium_photo&user=jtpxtzoAAAAJ,703,11,11,11,11,0,1
297572,Student in MALLA REDDY ENGINEERING COLLEGE,,755,vkBwsGoAAAAJ,{'indices'},AOSP|Android|Web Designing,RAKHI SAMUEL,https://scholar.google.com/citations?view_op=medium_photo&user=vkBwsGoAAAAJ,207,14,7,23,6,0,1
297573,"Student of ECE,KIOT",@kiot.ac.in,753,V1uv1nQAAAAJ,{'indices'},Embedded systems|Robotics|Android,sathish kumar,https://scholar.google.com/citations?view_op=medium_photo&user=V1uv1nQAAAAJ,204,4,3,3,2,0,1
297574,universitas musi rawas,,685,fzn_FBAAAAAJ,{'indices'},android|web,subhan,https://scholar.google.com/citations?view_op=medium_photo&user=fzn_FBAAAAAJ,467,14,12,21,14,0,1
297575,"University of California, Irvine",@uci.edu,681,nGjHjw0AAAAJ,{'indices'},Computer Networks|Network Coding|Android|Infromation-Centric Networking,Blerim Cici,https://scholar.google.com/citations?view_op=medium_photo&user=nGjHjw0AAAAJ,446,9,8,9,8,0,1
297576,Researcher and Professor at the University of la Laguna,@ull.edu.es,609,5sxaHCAAAAAJ,{'indices'},Vehicular Applications|Simulation|Security|M-learning|Android,CANDIDO CABALLERO GIL,https://scholar.google.com/citations?view_op=medium_photo&user=5sxaHCAAAAAJ,358,15,11,21,11,0,1
297577,Université de La Réunion,@univ-reunion.fr,582,htD690QAAAAJ,{'indices'},static analysis|Java|Android,Étienne Payet,https://scholar.google.com/citations?view_op=medium_photo&user=htD690QAAAAJ,188,12,7,16,4,0,1
297578,App Development Company in India,@brillmindz.com,581,YXn5z_wAAAAJ,{'indices'},android|ios,BrillMindz,https://scholar.google.com/citations?view_op=medium_photo&user=YXn5z_wAAAAJ,461,5,4,4,4,0,1
297579,"Department of Computer Science National Chiao Tung University Hsinchu, Taiwan (ROC)",@cs.nctu.edu.tw,535,e7DBdMwAAAAJ,{'indices'},security|operating system|malware|Android,Chia-Wei Hsu,https://scholar.google.com/citations?view_op=medium_photo&user=e7DBdMwAAAAJ,485,5,3,3,1,0,1
297580,University of Murcia,@um.es,526,vGthjPwAAAAJ,{'indices'},Mobile|Health|mHealth|Android|iOS,Belén Cruz Zapata,https://scholar.google.com/citations?view_op=medium_photo&user=vGthjPwAAAAJ,467,8,7,8,7,0,1
297581,"College of Computer Science and Electronic Engineering, Hunan University, Changsha …",@hnu.edu.cn,430,FqKRYlgAAAAJ,{'indices'},Network Computing|Blockchain|Android,Yang Xu,https://scholar.google.com/citations?view_op=medium_photo&user=FqKRYlgAAAAJ,425,11,11,11,11,0,1
297582,"University at Buffalo, SUNY",@buffalo.edu,409,zGK2BW4AAAAJ,{'indices'},machine learning|image processing|computer vision|android,Rohan Gupta,https://scholar.google.com/citations?view_op=medium_photo&user=zGK2BW4AAAAJ,407,2,2,1,1,0,1
297583,"Heinz Nixdorf Institute, University of Paderborn",@uni-paderborn.de,408,EdNuY4MAAAAJ,{'indices'},Real-Time Operating Systems|Android|Ressource Management,Simon Oberthür,https://scholar.google.com/citations?view_op=medium_photo&user=EdNuY4MAAAAJ,103,10,5,12,3,0,1
297584,Assistant Professor,,403,UgT1yA4AAAAJ,{'indices'},networks|android|data mining,Chaitrali Dangare,https://scholar.google.com/citations?view_op=medium_photo&user=UgT1yA4AAAAJ,327,3,3,2,2,0,1
297585,Samsung Mobile,@samsung.com,389,aPzNUnUAAAAJ,{'indices'},TrustZone|TEE|security|Android|SCADA,Donghyun Choi,https://scholar.google.com/citations?view_op=medium_photo&user=aPzNUnUAAAAJ,145,9,6,7,3,0,1
297586,Samsung Electronics,@samsung.com,385,PuD26bsAAAAJ,{'indices'},Compiler|Android,Sungdo Moon,https://scholar.google.com/citations?view_op=medium_photo&user=PuD26bsAAAAJ,82,11,5,13,2,0,1
297587,Dipl.-Inf. kernkonzept GmbH,@matze-lange.de,376,pZ0K_GwAAAAJ,{'indices'},virtualization|operating systems|embedded systems|mobile security|Android,Matthias Lange,https://scholar.google.com/citations?view_op=medium_photo&user=pZ0K_GwAAAAJ,165,7,6,7,5,0,1
297588,Profesor Titular Universidad en ETSI Informatica (Universidad de Málaga),@lcc.uma.es,376,LhQFudMAAAAJ,{'indices'},Android|Inteligencia Artificial|Consumo Energético|CiberSeguridad,Jose Antonio Montenegro,https://scholar.google.com/citations?view_op=medium_photo&user=LhQFudMAAAAJ,77,10,6,11,0,0,1
297589,"Univerity of New Brunswick, Universidad Politécnica de San Luis Potosi",@upslp.edu.mx,368,yduXQc4AAAAJ,{'indices'},Computer Security|Android|Open Source,Hugo González,https://scholar.google.com/citations?view_op=medium_photo&user=yduXQc4AAAAJ,330,10,9,10,7,0,1
297590,"Software Engineer, Google Inc",@google.com,363,pNbI1s0AAAAJ,{'indices'},Program Analysis|Software Engineering|Android,Yan Wang,https://scholar.google.com/citations?view_op=medium_photo&user=pNbI1s0AAAAJ,342,7,7,7,7,0,1
297591,Universidad De Chile,@courrier.uqam.ca,336,WlsNZCkAAAAJ,{'indices'},Software Engineering|Android|Cloud computing,Geoffrey Hecht,https://scholar.google.com/citations?view_op=medium_photo&user=WlsNZCkAAAAJ,320,8,8,7,6,0,1
297592,Samsung Research America,@samsung.com,331,VIctctwAAAAJ,{'indices'},System|OS|Linux  Kernel|Android,Jia Ma,https://scholar.google.com/citations?view_op=medium_photo&user=VIctctwAAAAJ,298,3,3,2,2,0,1
297593,"ECASP Research Laboratory, Illinois Institute of Technology",@iit.edu,317,YM90cloAAAAJ,{'indices'},body sensor network|embedded system|Android|wireless networking|Internet of Things,Won-Jae Yi,https://scholar.google.com/citations?view_op=medium_photo&user=YM90cloAAAAJ,229,10,9,10,9,0,1
297594,Universidade do Minho,@inesctec.pt,305,QtJPNikAAAAJ,{'indices'},Android|Software Energy Consumption|Software Engineering|Software Analysis and Transformation|Programming Languages,Marco Couto,https://scholar.google.com/citations?view_op=medium_photo&user=QtJPNikAAAAJ,289,8,8,7,7,0,1
297595,Asst Professor SBJITMR Nagpur,@sbjit.edu.in,298,MFnUXyQAAAAJ,{'indices'},Computer Vision|Deep Learning|MACHINE LEARNING|MANET|ANDROID,Nisarg Gandhewar,https://scholar.google.com/citations?view_op=medium_photo&user=MFnUXyQAAAAJ,168,3,3,3,2,0,1
297596,Ph.D. Candidate at Khalifa University,@kustar.ac.ae,284,ZF19ZlgAAAAJ,{'indices'},Digital forensics|Mobile forensics|Android|Artificial Intelligence|information security,mohammed alzaabi,https://scholar.google.com/citations?view_op=medium_photo&user=ZF19ZlgAAAAJ,203,7,6,5,4,0,1
297597,"Faculty of Computing, Universiti Malaysia Pahang",@ump.edu.my,276,O0J3ysAAAAAJ,{'indices'},Information security|Intrusion Detection|Computational Intelligence|Android,Ahmad Firdaus,https://scholar.google.com/citations?view_op=medium_photo&user=O0J3ysAAAAAJ,276,10,10,10,10,0,1
297598,CS Student at IIT Roorkee,@cs.iitr.ac.in,260,5ngKMAIAAAAJ,{'indices'},computer science|android|cloud computing|programming,Abhik Chakraborty,https://scholar.google.com/citations?view_op=medium_photo&user=5ngKMAIAAAAJ,70,6,5,2,2,0,1
297599,University of Oxford,@magd.ox.ac.uk,242,kCKZVuMAAAAJ,{'indices'},Android|smartphone|app|privacy|security,Vincent F. Taylor,https://scholar.google.com/citations?view_op=medium_photo&user=kCKZVuMAAAAJ,216,4,4,4,4,0,1
297600,Technology Writer,@droidista.com,241,ZUl-o_IAAAAJ,{'indices'},Technology|Mobile Phones|Android|iOS,Harold Hisona,https://scholar.google.com/citations?view_op=medium_photo&user=ZUl-o_IAAAAJ,76,5,2,2,1,0,1
297601,"Department of Informatics Engineering, Technological Educational Institute of Crete",,240,oRU5KYUAAAAJ,{'indices'},MPEG-DASH|Android|HTML5|X3D|WebSockets,Κostas Κapetanakis,https://scholar.google.com/citations?view_op=medium_photo&user=oRU5KYUAAAAJ,155,8,6,7,3,0,1
297602,student,@nitkkr.ac.in,235,yAgZ9AcAAAAJ,{'indices'},Computer|Android|Engineering|Mobile Apps|Web Apps,Sachin Sharma,https://scholar.google.com/citations?view_op=medium_photo&user=yAgZ9AcAAAAJ,170,1,1,1,1,0,1
297603,,@purduecal.edu,230,88f16qwAAAAJ,{'indices'},iOS|Android|Network Security|AI,Yi Ding,https://scholar.google.com/citations?view_op=medium_photo&user=88f16qwAAAAJ,122,2,2,1,1,0,1
297604,University of Florida,@ufl.edu,229,n8UMNCwAAAAJ,{'indices'},Cybersecurity|Digital Commerce|Android|Privacy|Policy,Jasmine Bowers,https://scholar.google.com/citations?view_op=medium_photo&user=n8UMNCwAAAAJ,221,6,6,5,4,0,1
297605,Sebelas Maret University,@mipa.uns.ac.id,218,w3df1dUAAAAJ,{'indices'},Android|Software|Barcode|RFID|Audit,Yudho Yudhanto,https://scholar.google.com/citations?view_op=medium_photo&user=w3df1dUAAAAJ,204,8,8,8,8,0,1
297606,"Ingénieur en informatique mesures automatisme et électronique, Université de Brest",@univ-brest.fr,214,wMVVJZYAAAAJ,{'indices'},Conceptions et développements …|windows|android|web,Eric Duvieilbourg,https://scholar.google.com/citations?view_op=medium_photo&user=wMVVJZYAAAAJ,133,9,7,8,5,0,1
297607,Universitas Potensi Utama,@potensi-utama.ac.id,213,_k0O4egAAAAJ,{'indices'},Kecerdasan Buatan|Robotika|Elektronika|Mobile|Android,Iwan Fitrianto Rahmad,https://scholar.google.com/citations?view_op=medium_photo&user=_k0O4egAAAAJ,212,6,6,6,6,0,1
297608,Marymount University,@nathangreen.com,212,76LU144AAAAJ,{'indices'},Natural Language Processing|Corpus Linguistics|Android|Parsing|Machine Translation,Nathan David Green,https://scholar.google.com/citations?view_op=medium_photo&user=76LU144AAAAJ,79,7,5,6,2,0,1
297609,Valdosta State University,@valdosta.edu,198,q8c6yUQAAAAJ,{'indices'},Computer Science Education|App Inventor|Android,Krishnendu Roy,https://scholar.google.com/citations?view_op=medium_photo&user=q8c6yUQAAAAJ,111,5,4,4,4,0,1
297610,Università degli Studi Roma TRE,@uniroma3.it,197,WV9vIOIAAAAJ,{'indices'},Cognitive Radio|Signal Processing|Android|Windows Phone|Cloud Computing,Antonio Tedeschi,https://scholar.google.com/citations?view_op=medium_photo&user=WV9vIOIAAAAJ,181,8,8,6,5,0,1
297611,Associate Prof of Computer Science - Cairo University,@cu.edu.eg,196,Pi4J0mYAAAAJ,{'indices'},Program Analysis|Android|IoT|Security|Privacy,Mohamed A. El-Zawawy,https://scholar.google.com/citations?view_op=medium_photo&user=Pi4J0mYAAAAJ,61,10,4,10,1,0,1
297612,The Hong Kong University of Science and Technology,@cse.ust.hk,195,ULc_h20AAAAJ,{'indices'},Software Engineering|Software Testing|Android,Jiajun Hu,https://scholar.google.com/citations?view_op=medium_photo&user=ULc_h20AAAAJ,181,7,7,5,5,0,1
297613,"Doctoral researcher, University of Luxembourg",@uni.lu,186,ti7gajsAAAAJ,{'indices'},Android|ML|security,Jun Gao,https://scholar.google.com/citations?view_op=medium_photo&user=ti7gajsAAAAJ,186,6,6,4,4,0,1
297614,"Computer Science Division, Stellenbosch University, South Africa",@cs.sun.ac.za,183,Ur1Pt7kAAAAJ,{'indices'},Mobile applications|Testing|Verification|Android,Heila (van der Merwe) Botha,https://scholar.google.com/citations?view_op=medium_photo&user=Ur1Pt7kAAAAJ,144,5,5,4,4,0,1
297615,"Computer Architecture Group, University of A Coruña",@udc.es,180,gFsjuBQAAAAJ,{'indices'},GIS|Android|Spatial Algorithms|Land Use,Juan Porta,https://scholar.google.com/citations?view_op=medium_photo&user=gFsjuBQAAAAJ,145,6,5,3,3,0,1
297616,Teacher Assistant at University College of Applied Sciences - UCAS,@ucas.edu.ps,170,Pb34_4gAAAAJ,{'indices'},Android,Mahmoud Jamal Abu Ghali,https://scholar.google.com/citations?view_op=medium_photo&user=Pb34_4gAAAAJ,166,2,2,2,2,0,1
297617,"Assistant Professor, GHRaisoni College of Engineering",@raisoni.net,157,5t2M6y0AAAAJ,{'indices'},NLP|Android|Wireless Communication|Network Security,Mangala S. Madankar,https://scholar.google.com/citations?view_op=medium_photo&user=5t2M6y0AAAAJ,135,8,7,8,7,0,1
297618,PhD Student of the Hong Kong University of Science and Technology,@cse.ust.hk,153,TctbYXkAAAAJ,{'indices'},Software Engineering|Software Testing|Software Analysis|Android,Lili Wei,https://scholar.google.com/citations?view_op=medium_photo&user=TctbYXkAAAAJ,152,6,6,3,3,0,1
297619,"Professor of Computer Science, Saurashtra University, Rajkot",@sauuni.ernet.in,145,Pt_Xlj8AAAAJ,{'indices'},speech processing|android|pattern recognition,Chandresh Kumbharana,https://scholar.google.com/citations?view_op=medium_photo&user=Pt_Xlj8AAAAJ,106,7,6,4,4,0,1
297620,-,@aau.at,136,ZXqNQbgAAAAJ,{'indices'},Software Engineering|Data Mining|Android|Stack Overflow,Stefanie Beyer,https://scholar.google.com/citations?view_op=medium_photo&user=ZXqNQbgAAAAJ,132,6,6,5,5,0,1
297621,Universitas Islam Lamongan,@unisla.ac.id,135,ODFARa4AAAAJ,{'indices'},data mining|android|oop,Siti Mujilahwati,https://scholar.google.com/citations?view_op=medium_photo&user=ODFARa4AAAAJ,132,6,6,3,3,0,1
297622,Whytheluckystiff,,135,M16YUskAAAAJ,{'indices'},Iphone|Unlocking|Tech|Guide|Android,Jorge Mendes,https://scholar.google.com/citations?view_op=medium_photo&user=M16YUskAAAAJ,120,3,3,3,2,0,1
297623,Profesor de Informática (TECNAR),@tecnar.edu.co,128,q4SkKfYAAAAJ,{'indices'},elearning|ingeniería de software|windows phone|android|objetos virtuales de aprendizaje,Marco Antonio Chico Ruíz,https://scholar.google.com/citations?view_op=medium_photo&user=q4SkKfYAAAAJ,52,7,4,6,2,0,1
297624,ScopusID: 57202205151; orcid.org: 0000-0003-2516-3431 | Informatics - Universitas Muria …,@umk.ac.id,127,r79WPJwAAAAJ,{'indices'},Data Mining|Jaringan Syaraf Tiruan|Android|Web,Tutik Khotimah,https://scholar.google.com/citations?view_op=medium_photo&user=r79WPJwAAAAJ,121,6,6,3,3,0,1
297625,Postdoctoral Fellow at Queen's University,@cs.queensu.ca,119,K73r9zUAAAAJ,{'indices'},Data mining|Software Engineering|Android,Safwat Mohamed Ibrahim Hassan,https://scholar.google.com/citations?view_op=medium_photo&user=K73r9zUAAAAJ,110,5,5,5,4,0,1
297626,Nuvoton Technology Corporation,@chu.edu.tw,113,ViGMQ28AAAAJ,{'indices'},Wireless Sensor Networks|Routing|Zigbee|IOT|Android,Jian-Da Lin,https://scholar.google.com/citations?view_op=medium_photo&user=ViGMQ28AAAAJ,20,4,2,2,1,0,1
297627,"Research Scientist, Louisville Automation and Robotic Research Institute, University of …",@louisville.edu,106,LBzEVSIAAAAJ,{'indices'},Artificial Intelligence|Robotics|Controls|Android|Humanoid Robots,Sumit Kumar Das,https://scholar.google.com/citations?view_op=medium_photo&user=LBzEVSIAAAAJ,99,6,5,3,2,0,1
297628,"Software Engineer, Graduated from NIT Surat",,105,ozjqqCYAAAAJ,{'indices'},App Development|React Native|Android|IOS|UI developmetn,vineet setia,https://scholar.google.com/citations?view_op=medium_photo&user=ozjqqCYAAAAJ,70,4,4,2,2,0,1
297629,San Francisco State University,@ieee.org,100,vZkWM7UAAAAJ,{'indices'},Security|Privacy|Mobile Hybrid Platforms|Android,Abeer AlJarrah,https://scholar.google.com/citations?view_op=medium_photo&user=vZkWM7UAAAAJ,92,4,3,2,2,0,1
297630,"Assistant Professor, Computer Science, Uttarakhand Sanskrit University Haridwar",@usvv.ac.in,99,dPm_IV8AAAAJ,{'indices'},Cloud Computing|Cloud Security|MANET|Programming in Java C C++|Android,Sushil Kumar Chamoli,https://scholar.google.com/citations?view_op=medium_photo&user=dPm_IV8AAAAJ,81,6,6,6,5,0,1
297631,Samsung Electronics,@samsung.com,96,ciC4ZbIAAAAJ,{'indices'},Deep learning|Sequence Prediction|Android,Taieui Song,https://scholar.google.com/citations?view_op=medium_photo&user=ciC4ZbIAAAAJ,83,3,2,2,1,0,1
297632,android,@awdrt.net,88,-VQ4umUAAAAJ,{'indices'},android,app harian,https://scholar.google.com/citations?view_op=medium_photo&user=-VQ4umUAAAAJ,58,1,1,1,1,0,1
297633,20face,@alumnus.utwente.nl,83,eK5tE3QAAAAJ,{'indices'},Interaction design|touch interfaces|android|facial recognition|usability,Thijs Alofs,https://scholar.google.com/citations?view_op=medium_photo&user=eK5tE3QAAAAJ,37,5,3,4,3,0,1
297634,Bioinformatics Software Developer,@hutton.ac.uk,82,jQflqWoAAAAJ,{'indices'},Computer Science|Bioinformatics|Software|Android,Sebastian Raubach,https://scholar.google.com/citations?view_op=medium_photo&user=jQflqWoAAAAJ,66,3,3,3,2,0,1
297635,"Masters student of biomedical engineering , Islamic Azad University of Mashhad",,81,t1ZQ8poAAAAJ,{'indices'},C#|Android|Hospital infections,Sajjad Farhangi,https://scholar.google.com/citations?view_op=medium_photo&user=t1ZQ8poAAAAJ,51,1,1,1,1,0,1
297636,"odborný asistent, Západočeská univerzita v Plzni",@kte.zcu.cz,80,3nlCsZYAAAAJ,{'indices'},optimalizační algoritmy|paralelní programování|objektové programování|Java Embedded|Android,Petr Kropík,https://scholar.google.com/citations?view_op=medium_photo&user=3nlCsZYAAAAJ,39,5,3,2,1,0,1
297637,"lecturer Manajemen Informasi , STEKOM",@stekom.ac.id,80,x0PkqtYAAAAJ,{'indices'},informatika|komputer|arduino|iot|android,Dani Sasmoko,https://scholar.google.com/citations?view_op=medium_photo&user=x0PkqtYAAAAJ,80,4,4,2,2,0,1
297638,student,@mail.ntust.edu.tw,77,eBWVjlwAAAAJ,{'indices'},news|technology|android|windows,Rosari J,https://scholar.google.com/citations?view_op=medium_photo&user=eBWVjlwAAAAJ,58,5,4,3,3,0,1
297639,Universiti Kuala Lumpur,@s.unikl.edu.my,75,4n2MC74AAAAJ,{'indices'},Security|Blockchain|IoT|AI & Deep Learning|Android,Salman Jan,https://scholar.google.com/citations?view_op=medium_photo&user=4n2MC74AAAAJ,74,5,5,3,2,0,1
297640,Assistant Professor Narula Institute of Technology,@nit.ac.in,71,aLUehG4AAAAJ,{'indices'},Image Processing|Android|Cloud Computing,Shubhendu Banerjee,https://scholar.google.com/citations?view_op=medium_photo&user=aLUehG4AAAAJ,65,6,6,2,2,0,1
297641,доцент кафедры Компьютерных систем КНИТУ-КАИ,@kai.ru,71,AiuRZFgAAAAJ,{'indices'},нейросети|параллельное программирование|android,Ринат Минязев,https://scholar.google.com/citations?view_op=medium_photo&user=AiuRZFgAAAAJ,47,4,3,1,0,0,1
297642,Professor / Course Director @ Telecom Eng. - ISPGaya,@ispgaya.pt,69,kOIGeoIAAAAJ,{'indices'},Telecommunications|mobile telecommunications|Android|NFC,Justino Lourenço,https://scholar.google.com/citations?view_op=medium_photo&user=kOIGeoIAAAAJ,38,5,3,3,2,0,1
297643,Universitas Bina Sarana Informatika,@bsi.ac.id,65,VydF30AAAAAJ,{'indices'},Sistem Informasi|Android|AMOS,Candra Agustina,https://scholar.google.com/citations?view_op=medium_photo&user=VydF30AAAAAJ,65,4,4,1,1,0,1
297644,Politeknik Negeri Manado,@polimdo.ac.id,64,unhkku4AAAAJ,{'indices'},mikrokontroler|algorithm|robotik|android|embedded,Ali Akbar Steven Ramschie,https://scholar.google.com/citations?view_op=medium_photo&user=unhkku4AAAAJ,64,4,4,3,3,0,1
297645,"SWE, Google",@cispa.saarland,63,N0hU4foAAAAJ,{'indices'},Test generation|GUI Testing|Android|Fuzzing,Nataniel Borges Jr.,https://scholar.google.com/citations?view_op=medium_photo&user=N0hU4foAAAAJ,63,6,6,2,2,0,1
297646,University of Mumbai,@djsce.edu.in,60,kVAcrX4AAAAJ,{'indices'},Computer Science|Android|Web|Algorithms,RONAK DOSHI,https://scholar.google.com/citations?view_op=medium_photo&user=kVAcrX4AAAAJ,39,2,2,1,1,0,1
297647,"Amrita CREATE, Amrita Vishwa Vidyapeetham",@am.amrita.edu,59,ck25FO4AAAAJ,{'indices'},Educational Technologies|Simulations|Healthcare System|Mobile Devices|Android,Akshay Jayakumar,https://scholar.google.com/citations?view_op=medium_photo&user=ck25FO4AAAAJ,58,4,4,2,2,0,1
297648,Universitas Potensi Utama,@potensi-utama.ac.id,59,FPbbBWAAAAAJ,{'indices'},Artificial Intelligence|Robotic|Industrial Engineering|Mobile|Android,Vidi Agung Fragastia,https://scholar.google.com/citations?view_op=medium_photo&user=FPbbBWAAAAAJ,59,2,2,1,1,0,1
297649,Deutsche Forschungszentrum für Künstliche Intelligenz GmbH,@dfki.de,59,IeBY4JcAAAAJ,{'indices'},Handwriting/Sketch Recognition|Interactive Machine Learning|Multi-Modal Interaction|Virtual Reality|Android,Alexander Prange,https://scholar.google.com/citations?view_op=medium_photo&user=IeBY4JcAAAAJ,54,4,4,2,2,0,1
297650,"Teknik Informatika, ISB Atma Luhur",@atmaluhur.ac.id,56,iKdmHQUAAAAJ,{'indices'},Kriptografi|Multimedia|Android,Fransiskus Panca Juniawan,https://scholar.google.com/citations?view_op=medium_photo&user=iKdmHQUAAAAJ,56,4,4,0,0,0,1
297651,"B.Tech Industrial Mathematics, Federal University of Technology, Akure;M.sc Computer …",@cincinnatistate.edu,56,bN2zmgYAAAAJ,{'indices'},Algebra|Numerical Analysis|Software programming in JAVA|MATLAB|Android,Idowu Oladipupo Afolabi,https://scholar.google.com/citations?view_op=medium_photo&user=bN2zmgYAAAAJ,55,3,3,1,1,0,1
297652,Lecturer of Sekolah Tinggi Teknik Surabaya,@stts.edu,52,kJTAyJQAAAAJ,{'indices'},Database|Mobile Technology|Android|Algorithm,Indra Maryati,https://scholar.google.com/citations?view_op=medium_photo&user=kJTAyJQAAAAJ,48,3,3,2,2,0,1
297653,PHP Developer,@digitalsamaneh.ir,52,ARpm720AAAAJ,{'indices'},PHP|CSS|HTML|Android,Vahid Seyyed Masoomi,https://scholar.google.com/citations?view_op=medium_photo&user=ARpm720AAAAJ,39,1,1,1,1,0,1
297654,Najran University,@nu.edu.sa,52,HtpkkJUAAAAJ,{'indices'},Mobile Security|Android|Cloud Computing Security|Network Security|Cyber-security,Dr. Hani M Alshahrani,https://scholar.google.com/citations?view_op=medium_photo&user=HtpkkJUAAAAJ,52,5,5,1,1,0,1
297655,Software Developer,@interactive.in,51,dy2cH3YAAAAJ,{'indices'},Android|Data Mining|Hadoop|Cloud Computing,Sanket Thakare,https://scholar.google.com/citations?view_op=medium_photo&user=dy2cH3YAAAAJ,51,4,4,2,2,0,1
297656,"researcher Video Coding, Ghent University - iMinds",@ugent.be,49,1paAwrkAAAAJ,{'indices'},Video Coding|Machine Learning|Computer Vision|QoE|Android,Robin Bailleul,https://scholar.google.com/citations?view_op=medium_photo&user=1paAwrkAAAAJ,35,3,3,2,1,0,1
297657,Research Engineer at Samsung R&D Institute,@samsung.com,48,DdBzh14AAAAJ,{'indices'},Networking|TCP|MPTCP|QUIC|Android,Madhan Raj Kanagarathinam,https://scholar.google.com/citations?view_op=medium_photo&user=DdBzh14AAAAJ,48,4,4,0,0,0,1
297658,Student,,48,S4ww778AAAAJ,{'indices'},computer|software|Android|web apps,Sachin,https://scholar.google.com/citations?view_op=medium_photo&user=S4ww778AAAAJ,10,1,1,1,1,0,1
297659,"Professor in Department of Computer Science, Jaipur",@poornima.org,47,yf4gnv4AAAAJ,{'indices'},Java|J2EE|Android|Architecture|MVC,Praveen Gupta,https://scholar.google.com/citations?view_op=medium_photo&user=yf4gnv4AAAAJ,38,2,2,1,1,0,1
297660,Postdoctoral Researcher at Technology and Geosciences Center Federal University of …,@pq.cnpq.br,45,Ch7EVuUAAAAJ,{'indices'},Sensoriamento Remoto|Geoprocessamento|Irrigação|Programação|Android,Diogo Francisco Borba Rodrigues,https://scholar.google.com/citations?view_op=medium_photo&user=Ch7EVuUAAAAJ,31,4,3,1,1,0,1
297661,Dosen Teknik Informatika Politeknik Kediri,@polinema.ac.id,45,nynY__MAAAAJ,{'indices'},Multimedia|GIS|Android|Web|SPK,Fery Sofian Efendi,https://scholar.google.com/citations?view_op=medium_photo&user=nynY__MAAAAJ,44,4,4,1,1,0,1
297662,"NTT DOCOMO, INC.",@nttdocomo.com,45,yTo1Z4MAAAAJ,{'indices'},Operating System|Android|Social Media Data Mining,Satoshi Kawasaki,https://scholar.google.com/citations?view_op=medium_photo&user=yTo1Z4MAAAAJ,32,4,4,0,0,0,1
297663,"HOD CSE, Assistant Professor KSIET Hingoli",,44,otX_yZEAAAAJ,{'indices'},database|Android|Networking,Chaitanya Nimodia,https://scholar.google.com/citations?view_op=medium_photo&user=otX_yZEAAAAJ,24,2,2,1,1,0,1
297664,Universitas Muhammadiyah Bengkulu,@umb.ac.id,44,KMQSXjAAAAAJ,{'indices'},pengolahan citra|rekayas perangkat lunak|animasi|android,Dedy Abdullah,https://scholar.google.com/citations?view_op=medium_photo&user=KMQSXjAAAAAJ,43,4,4,1,1,0,1
297665,Universitas Muhammadiyah Magelang,@ummgl.ac.id,43,xhljTuMAAAAJ,{'indices'},CIO|Arduino|Android|Augmented Reality,Andi Widiyanto,https://scholar.google.com/citations?view_op=medium_photo&user=xhljTuMAAAAJ,41,3,3,2,2,0,1
297666,,,43,yNC1pgUAAAAJ,{'indices'},Mikrokontroller|Android|ICT,Ajar Rohmanu,https://scholar.google.com/citations?view_op=medium_photo&user=yNC1pgUAAAAJ,43,3,3,2,2,0,1
297667,Universitas Semarang,@usm.ac.id,42,8UsTIKAAAAAJ,{'indices'},Semantic Web|Ontology|Protege|Mobile Program|Android,Atmoko Nugroho,https://scholar.google.com/citations?view_op=medium_photo&user=8UsTIKAAAAAJ,40,4,4,1,1,0,1
297668,Politehnica University of Bucharest,@cti.pub.ro,41,su-SmIQAAAAJ,{'indices'},Mobile Devices|Augmented Reality|Android,Alexandru Gherghina,https://scholar.google.com/citations?view_op=medium_photo&user=su-SmIQAAAAJ,29,1,1,1,1,0,1
297669,STMIK Indonesia Padang,@stmikindonesia.ac.id,41,45-yc_8AAAAJ,{'indices'},Security|Web Design|Crypthography|Steganography|Android,Sophan Sophian,https://scholar.google.com/citations?view_op=medium_photo&user=45-yc_8AAAAJ,41,2,2,1,1,0,1
297670,Nitte Meenakshi Institute of Technology,@nmit.ac.in,39,C1rpiCoAAAAJ,{'indices'},Wireless Sensor Networks|Android,Dr. MOHAN BA,https://scholar.google.com/citations?view_op=medium_photo&user=C1rpiCoAAAAJ,33,4,3,1,1,0,1
297671,Edison Desarrollos,@edisondesarrollos.es,37,C9VnavkAAAAJ,{'indices'},Kinect|IoT|Android|Unity|Agents,Franks Edison Gonzalez-Landero,https://scholar.google.com/citations?view_op=medium_photo&user=C9VnavkAAAAJ,37,4,4,1,1,0,1
297672,"Assistant Lecturer, Ahgaff University",@Student.uum.edu.my,36,rRTQXMkAAAAJ,{'indices'},Android|User Interface|Usability Testing|Mobile HCI|Mobile Usability and GPS Applications,Ahmed Al-Aidaroos,https://scholar.google.com/citations?view_op=medium_photo&user=rRTQXMkAAAAJ,20,4,3,1,0,0,1
297673,"FSM Monastir, University of Monastir",,36,WRYrDi0AAAAJ,{'indices'},WSN|NoC|VHDL|Android,Farah Nasri,https://scholar.google.com/citations?view_op=medium_photo&user=WRYrDi0AAAAJ,29,3,3,1,1,0,1
297674,Lecturer,@unived.ac.id,36,78Ep6VIAAAAJ,{'indices'},Artificial Intelligence|Mobile Technology|Android|Big Data|Machine Learning,Yode Arliando,https://scholar.google.com/citations?view_op=medium_photo&user=78Ep6VIAAAAJ,35,3,3,1,1,0,1
297675,"STMIK Insan Pembangunan,Tangerang,Indonesia",@ipem.ac.id,36,hESnkeMAAAAJ,{'indices'},Computer Sience|Android|IoT,Ipang Sasono,https://scholar.google.com/citations?view_op=medium_photo&user=hESnkeMAAAAJ,36,3,3,3,3,0,1
297676,ORCID-ID 0000-0003-4198-2103 - Universitas Islam Kuantan Singingi,@uniks.ac.id,35,bMUyTb0AAAAJ,{'indices'},Android|rekayasa perangkat lunak|arduino,Rabby Nazli,https://scholar.google.com/citations?view_op=medium_photo&user=bMUyTb0AAAAJ,35,3,3,2,2,0,1
297677,CGC-COE,@cgc.edu.in,34,B7g0NywAAAAJ,{'indices'},Android,Tejpal Sharma,https://scholar.google.com/citations?view_op=medium_photo&user=B7g0NywAAAAJ,24,3,3,1,0,0,1
297678,"Research Assistant - Department of Computer Engineering, Istanbul Sabahattin Zaim …",@izu.edu.tr,34,eDquzEcAAAAJ,{'indices'},Artificial Intelligence|Machine Learning|Android,Jawad Rasheed,https://scholar.google.com/citations?view_op=medium_photo&user=eDquzEcAAAAJ,34,3,3,1,1,0,1
297679,"Student of Computer Science, Christ University",@mca.christuniversity.in,33,3rxe__MAAAAJ,{'indices'},Data Mining|Natural Language Processing|IoT|Android|Data Structures,Karthick S,https://scholar.google.com/citations?view_op=medium_photo&user=3rxe__MAAAAJ,33,3,3,1,1,0,1
297680,"MSc. Computer Science, University of Bamberg",@stud.uni-bamberg.de,31,zi_UjN8AAAAJ,{'indices'},P2P|Network Coding|Android|iOS|Mobile,Lukas A. Schwoebel,https://scholar.google.com/citations?view_op=medium_photo&user=zi_UjN8AAAAJ,28,2,2,1,1,0,1
297681,Politeknik Negeri Manado,@polimdo.ac.id,31,eP2g38cAAAAJ,{'indices'},PLC|Controller|Android,Sukandar Sawidin,https://scholar.google.com/citations?view_op=medium_photo&user=eP2g38cAAAAJ,30,3,3,1,1,0,1
297682,"Profesor, Universidad Autónoma de Ciudad Juárez",@uacj.mx,31,UX_wNC4AAAAJ,{'indices'},realidad aumentada|realidad virtual|web|android|unity,Ramón Iván Barraza Castillo,https://scholar.google.com/citations?view_op=medium_photo&user=UX_wNC4AAAAJ,29,2,2,1,1,0,1
297683,"STMIK AKAKOM, IAIN padangsidimpuan",@iain-padangsidimpuan.ac.id,31,h0c0DwUAAAAJ,{'indices'},Linux|Android|Web,Candra Adi Putra,https://scholar.google.com/citations?view_op=medium_photo&user=h0c0DwUAAAAJ,17,3,3,1,0,0,1
297684,MS Ramaiah Institute of Technology,@msrit.edu,30,mDuilbEAAAAJ,{'indices'},Wireless Sensor Network|Machine Learning|IoT|Computer Network|Android,Meeradevi,https://scholar.google.com/citations?view_op=medium_photo&user=mDuilbEAAAAJ,30,4,4,0,0,0,1
297685,University of Management and Technology,@umt.edu.pk,30,mi3_iFIAAAAJ,{'indices'},Healthcare|Security|Privacy|Android,Sobia Mehrban,https://scholar.google.com/citations?view_op=medium_photo&user=mi3_iFIAAAAJ,30,4,4,0,0,0,1
297686,University College of Applied Sciences - UCAS,@ucas.edu.ps,30,dqC8Yd0AAAAJ,{'indices'},Image Processing|Artificial Intelligence|Android|Java|Database,Ahmed S. Ghorab,https://scholar.google.com/citations?view_op=medium_photo&user=dqC8Yd0AAAAJ,18,3,2,1,1,0,1
297687,Osaka University,@irl.sys.es.osaka-u.ac.jp,29,DTl5jWAAAAAJ,{'indices'},dialogue system|communication robot|cognitive model|android,Takahisa Uchida,https://scholar.google.com/citations?view_op=medium_photo&user=DTl5jWAAAAAJ,29,2,2,1,1,0,1
297688,National University of Singapore,@comp.nus.edu.sg,29,Zp9mc0QAAAAJ,{'indices'},Security|Android|Distributed Systems|Cloud|Machine Learning,Ridwan Shariffdeen,https://scholar.google.com/citations?view_op=medium_photo&user=Zp9mc0QAAAAJ,29,2,2,2,2,0,1
297689,"PhD Student, University of Cagliari",@unica.it,29,QMjriiYAAAAJ,{'indices'},Cybersecurity|Machine Learning|Explainable AI|Android,Michele Scalas,https://scholar.google.com/citations?view_op=medium_photo&user=QMjriiYAAAAJ,28,3,3,1,1,0,1
297690,Tekirdağ Namık Kemal Üniversitesi,@nku.edu.tr,28,aLoObFwAAAAJ,{'indices'},Denetleyici Alan Ağı|Arduino|Android|Endüstriyel Ağlar|Uzaktan Kontrol Sistemleri,Mehmet Ali ŞİMŞEK,https://scholar.google.com/citations?view_op=medium_photo&user=aLoObFwAAAAJ,23,4,3,1,0,0,1
297691,,@vandormael.eu,27,Bjyml8UAAAAJ,{'indices'},Semiconductors|Spintronics|Nanotechnology|Android|Distributed Systems,Pieter-Jan Vandormael,https://scholar.google.com/citations?view_op=medium_photo&user=Bjyml8UAAAAJ,2,1,1,1,0,0,1
297692,,,27,w7SzjRgAAAAJ,{'indices'},Android,Pratik Pathak,https://scholar.google.com/citations?view_op=medium_photo&user=w7SzjRgAAAAJ,25,2,2,2,2,0,1
297693,"Profesor Universidad de Pinar del Río, Hermanos Saíz Montes de Oca.",@upr.edu.cu,26,35Qlc6sAAAAJ,{'indices'},Sistemas de Radiocomunicaciones|Arduino|Android|Seguridad Informática,Luis Rolando Roba Iviricu,https://scholar.google.com/citations?view_op=medium_photo&user=35Qlc6sAAAAJ,20,3,2,1,1,0,1
297694,Software Engineer II,@lifetech.com,25,L4jIdL4AAAAJ,{'indices'},Android|Computer Network|Java|Data Structure|DBMS,lokesh kumar gahlot,https://scholar.google.com/citations?view_op=medium_photo&user=L4jIdL4AAAAJ,25,2,2,2,2,0,1
297695,"Assistant Professor of Computer Engineering Department, Sir Syed University of …",@ssuet.edu.pk,24,wib1gQkAAAAJ,{'indices'},Open source software|Object oriented programming|Human Computer Interaction|Android,Umme Laila,https://scholar.google.com/citations?view_op=medium_photo&user=wib1gQkAAAAJ,21,3,3,0,0,0,1
297696,"Profesor de Informática, Universidad de las Ciencias Informáticas",,24,KergN6sAAAAJ,{'indices'},software libre|sistemas operativos|distribuciones de GNU/Linux|Android|tecnologicas de las información,Allan Pierra Fuentes,https://scholar.google.com/citations?view_op=medium_photo&user=KergN6sAAAAJ,18,2,1,1,1,0,1
297697,SNS College of Engineering,,24,SWKFtH4AAAAJ,{'indices'},Image Processing|Cloud Computing|Android,Geethanjali Nataraj,https://scholar.google.com/citations?view_op=medium_photo&user=SWKFtH4AAAAJ,18,3,3,1,0,0,1
297698,California State University Sacramento,@csus.edu,24,eAX082YAAAAJ,{'indices'},Artificial intelligence|Speech recognition|Android,Ayushi Vadwala,https://scholar.google.com/citations?view_op=medium_photo&user=eAX082YAAAAJ,24,2,2,1,1,0,1
297699,M.Tech Student - Software Engineering  @ BITS Pillani (WILP),@wilp.bits-pilani.ac.in,24,dsmTc2YAAAAJ,{'indices'},android|machine learning,Sarthak Doshi,https://scholar.google.com/citations?view_op=medium_photo&user=dsmTc2YAAAAJ,24,2,2,1,1,0,1
297700,University of Luxembourg,@uni.lu,24,TNplcjgAAAAJ,{'indices'},Android|debloating|code coverage|reverse engineering,Aleksandr Pilgun,https://scholar.google.com/citations?view_op=medium_photo&user=TNplcjgAAAAJ,24,3,3,1,1,0,1
297701,Universidade Federal de Ouro Preto,,23,u4fw2a8AAAAJ,{'indices'},Wi-Fi|Wi-Fi Direct|middleware|redes sem fio|Android,Urbano Botrel Menegato,https://scholar.google.com/citations?view_op=medium_photo&user=u4fw2a8AAAAJ,21,1,1,1,1,0,1
297702,"Professor of Computer Science and Engineering, Centurion University of Technology and …",@cutm.ac.in,22,irsGhrAAAAAJ,{'indices'},Machine Learning|Data Science|Big Data|Android,Sabyasachi Mohanty,https://scholar.google.com/citations?view_op=medium_photo&user=irsGhrAAAAAJ,22,3,3,1,1,0,1
297703,Politeknik Pertanian Negeri Samarinda,@politanisamarinda.ac.id,22,zFlaenoAAAAJ,{'indices'},Pemrograman|Big Data|Semantic|Sistem Informasi|Android,Eko Junirianto,https://scholar.google.com/citations?view_op=medium_photo&user=zFlaenoAAAAJ,22,2,2,1,1,0,1
297704,Associate Professor of Computer Science,@aits.edu.in,21,Yug6jj4AAAAJ,{'indices'},Big Data|Android|Java|Oracle|Database,Dr. Parag Shukla,https://scholar.google.com/citations?view_op=medium_photo&user=Yug6jj4AAAAJ,15,2,2,0,0,0,1
297705,PhD Scholar,@igdtuw.ac.in,21,rv-Y6dIAAAAJ,{'indices'},Information security|Android|Vulnerabilities|Cryptography,Shivi Garg,https://scholar.google.com/citations?view_op=medium_photo&user=rv-Y6dIAAAAJ,20,3,3,0,0,0,1
297706,"Associate Professor Information Technology  ,Shah & Anchor Kutchhi Engineering College …",@sakec.ac.in,21,KEzwoX0AAAAJ,{'indices'},Computer Networks|Information Security|Network Security|Android,Dhanashree Toradmalle,https://scholar.google.com/citations?view_op=medium_photo&user=KEzwoX0AAAAJ,18,3,3,0,0,0,1
297707,Myongji University,@iba-suk.edu.pk,20,ZDFA3eAAAAAJ,{'indices'},Android|Fault tolerant network|System Software|Network Security,Raheel Ahmed Memon,https://scholar.google.com/citations?view_op=medium_photo&user=ZDFA3eAAAAAJ,17,2,2,1,1,0,1
297708,"Programmer, United International University",@admin.uiu.ac.bd,19,dlALSwUAAAAJ,{'indices'},Android|Artificial Intelligence|Robotics,Hamudi Hasan  Sonet,https://scholar.google.com/citations?view_op=medium_photo&user=dlALSwUAAAAJ,19,3,3,0,0,0,1
297709,Systems and Telecommunications Engineer,@ucp.edu.co,18,B1OZ25wAAAAJ,{'indices'},Software Defined Networks|Android|SOA|REST|Microservices,Bryan Valencia Suárez,https://scholar.google.com/citations?view_op=medium_photo&user=B1OZ25wAAAAJ,17,2,2,0,0,0,1
297710,Universitas Bina Insan,@univbinainsan.ac.id,18,vJKDwmQAAAAJ,{'indices'},Computer Science|Artificial Inteligent|IoT|Android|Linux,Antoni Zulius,https://scholar.google.com/citations?view_op=medium_photo&user=vJKDwmQAAAAJ,18,2,2,0,0,0,1
297711,Universidad de Cantabria,@unican.es,17,kcwyCkQAAAAJ,{'indices'},Real-time|operating systems|android|software-products lines,Alejandro Pérez Ruiz,https://scholar.google.com/citations?view_op=medium_photo&user=kcwyCkQAAAAJ,17,3,3,0,0,0,1
297712,Sistem Informasi  http://orcid.org/0000-0002-0647-769X,@amikompurwokerto.ac.id,17,b5LnCNwAAAAJ,{'indices'},Android|Sistem Pendukung Keputusan|Database|Fuzzy|Pemrograman,Abdul Azis,https://scholar.google.com/citations?view_op=medium_photo&user=b5LnCNwAAAAJ,16,2,2,1,0,0,1
297713,Universidad Industrial de Santander,@correo.uis.edu.co,17,JQXjwc0AAAAJ,{'indices'},computer vision|software development|android,luis eduardo hasbon reyes,https://scholar.google.com/citations?view_op=medium_photo&user=JQXjwc0AAAAJ,15,2,2,1,1,0,1
297714,"Fakultas Ilmu Komputer, Universitas Narotama",@narotama.ac.id,17,DY5yWzcAAAAJ,{'indices'},Microcontroller|IoT|Android|Game|ICT,e-narodroid,https://scholar.google.com/citations?view_op=medium_photo&user=DY5yWzcAAAAJ,17,2,2,1,1,0,1
297715,Kongu Engineering College,@kongu.ac.in,15,_05PNj8AAAAJ,{'indices'},Grid Computing|Cloud Computing|Web Technology|Android,Prasanna Kumar KR,https://scholar.google.com/citations?view_op=medium_photo&user=_05PNj8AAAAJ,15,3,3,0,0,0,1
297716,Lecturer,@agiv.edu.in,15,oSjpjZIAAAAJ,{'indices'},Cloud Computing|IoT|Big Data|Android,Prashant Satpute,https://scholar.google.com/citations?view_op=medium_photo&user=oSjpjZIAAAAJ,14,2,2,1,1,0,1
297717,"Profesor de Informática, Universidad de Ciego de Ávila Maximo Gómez Báez",@unica.cu,14,zLicstoAAAAJ,{'indices'},android|programación web|TIC|Administración de Redes,Yankier Crespo González,https://scholar.google.com/citations?view_op=medium_photo&user=zLicstoAAAAJ,14,1,1,1,1,0,1
297718,"Kaprodi Teknik Informatika, STMIK Atma Luhur",@atmaluhur.ac.id,14,yTnaWY8AAAAJ,{'indices'},Android|CRM|Network|E-Learning,Burham Isnanto,https://scholar.google.com/citations?view_op=medium_photo&user=yTnaWY8AAAAJ,14,2,2,0,0,0,1
297719,"Lecturer, Universitas Islam Riau",@eng.uir.ac.id,14,-zGoO-YAAAAJ,{'indices'},Android|Mobile Programming|Information System Architecture,PANJI RACHMAT SETIAWAN,https://scholar.google.com/citations?view_op=medium_photo&user=-zGoO-YAAAAJ,14,1,1,1,1,0,1
297720,"University of Computer Studies, Yangon",,13,6X70LJYAAAAJ,{'indices'},Android,Nandar Pwint Oo,https://scholar.google.com/citations?view_op=medium_photo&user=6X70LJYAAAAJ,4,2,1,0,0,0,1
297721,"Master of Computer Science, Beijing Institute of Technology",@bit.edu.cn,13,i1x-6G4AAAAJ,{'indices'},Bootloader|Linux|Android|Embedded System|Auto Test,Donghua Yan,https://scholar.google.com/citations?view_op=medium_photo&user=i1x-6G4AAAAJ,0,1,0,1,0,0,1
297722,Student of VNTU,@vntu.edu.ua,13,Tif2XSgAAAAJ,{'indices'},ai|ml|android,Кренцін Михайло Дмитрович,https://scholar.google.com/citations?view_op=medium_photo&user=Tif2XSgAAAAJ,11,2,2,0,0,0,1
297723,Lecturer of Computer Engineering,@amikmitragama.ac.id,13,XXZGNp0AAAAJ,{'indices'},Multimedia|Artificial Intelligence|Android|Robotic|Decision Support System,Budy Satria,https://scholar.google.com/citations?view_op=medium_photo&user=XXZGNp0AAAAJ,13,2,2,0,0,0,1
297724,Universität Siegen,@uni-siegen.de,12,Va6ECm4AAAAJ,{'indices'},Android|Privacy|Smartphones,Simon Meurer,https://scholar.google.com/citations?view_op=medium_photo&user=Va6ECm4AAAAJ,6,1,1,1,0,0,1
297725,University of Campinas,@waku.com.br,12,yEUmRSkAAAAJ,{'indices'},Software Engineering|Software Product Line|AOP|Android|Architecture,Gustavo Mitsuyuki Waku,https://scholar.google.com/citations?view_op=medium_photo&user=yEUmRSkAAAAJ,8,2,2,0,0,0,1
297726,"Student in Computer Science, IIT Bombay",@cse.iitb.ac.in,12,yFD51N4AAAAJ,{'indices'},Android|Networking|Database|OS,Debashee Tarai,https://scholar.google.com/citations?view_op=medium_photo&user=yFD51N4AAAAJ,7,2,2,0,0,0,1
297727,"PhD Student, Hanyang University",@hanyang.ac.kr,12,FqJSXkAAAAAJ,{'indices'},Malware Detection|Android|Software Smells,Zhiqiang Wu,https://scholar.google.com/citations?view_op=medium_photo&user=FqJSXkAAAAAJ,12,1,1,1,1,0,1
297728,"Universitas Pesantren Tinggi Darul 'Ulum, Jombang, Indonesia",@ft.unipdu.ac.id,12,26YTbp0AAAAJ,{'indices'},Mobile Programming|Enterprise Application Integration|Transportation|Android,Bayu Adi Styawan,https://scholar.google.com/citations?view_op=medium_photo&user=26YTbp0AAAAJ,11,2,2,1,0,0,1
297729,"Google India Scholar , Student ,SR Engineering College",,12,FT64zPAAAAAJ,{'indices'},Machine learning|Android|Mobile Web Specialist,dumala abhishekji,https://scholar.google.com/citations?view_op=medium_photo&user=FT64zPAAAAAJ,0,1,0,1,0,0,1
297730,"Research Assistant, University of Notre Dame",@nd.edu,12,dTzC49QAAAAJ,{'indices'},BLE|mobile networks|IoT|Android|wildlife conservation,Joshua Siva,https://scholar.google.com/citations?view_op=medium_photo&user=dTzC49QAAAAJ,12,2,2,0,0,0,1
297731,Прикарпатський національний університет імені Василя Стефаника,@pnu.edu.ua,11,Heh4quYAAAAJ,{'indices'},Microcontrollers|Android|Java/C++|DSP,Віталій Горєлов (Vitaliy Goryelov),https://scholar.google.com/citations?view_op=medium_photo&user=Heh4quYAAAAJ,3,2,1,0,0,0,1
297732,Gazi Üniversitesi,,11,LKyvcuQAAAAJ,{'indices'},android|social network|Mobile Security,ömer kiraz,https://scholar.google.com/citations?view_op=medium_photo&user=LKyvcuQAAAAJ,11,1,1,1,1,0,1
297733,Software Programmer,,11,IpMIXr0AAAAJ,{'indices'},Programming|Android|Java|Fuchsia|Software,Mayur Solanki,https://scholar.google.com/citations?view_op=medium_photo&user=IpMIXr0AAAAJ,9,1,1,1,0,0,1
297734,University of Virginia,,10,RQazaigAAAAJ,{'indices'},Haptics|Android,Loi Huynh,https://scholar.google.com/citations?view_op=medium_photo&user=RQazaigAAAAJ,10,2,2,0,0,0,1
297735,"Ifan Prihandi, S.Kom, M.Kom",@mercubuana.ac.id,10,Ikj7lcwAAAAJ,{'indices'},GIS|Android|JSP|PHP|Data Spacial Method,Ifan Prihandi,https://scholar.google.com/citations?view_op=medium_photo&user=Ikj7lcwAAAAJ,10,2,2,0,0,0,1
297736,Chungnam National University,@cnu.ac.kr,10,J97qvLgAAAAJ,{'indices'},Android|iOS|Vulnerability|Security,Sangwho Kim,https://scholar.google.com/citations?view_op=medium_photo&user=J97qvLgAAAAJ,9,2,2,0,0,0,1
297737,Lecturer in Computer Science at GCMS Buner,@uop.edu.pk,10,zEfmtwcAAAAJ,{'indices'},HCI|Visual Impaired|Android|Semantic Web,Izaz Khan,https://scholar.google.com/citations?view_op=medium_photo&user=zEfmtwcAAAAJ,10,1,1,1,1,0,1
297738,American University of Beirut,@codedemigod.com,10,n0HgHO0AAAAJ,{'indices'},Android,Alaa Salman,https://scholar.google.com/citations?view_op=medium_photo&user=n0HgHO0AAAAJ,7,2,2,0,0,0,1
297739,"MANIT, BITS, Stony Brook University, Amazon",@amazon.com,10,alB-BDAAAAAJ,{'indices'},Mobile|Machine Learning|Android|Operating System|Data Science,Prakhar Avasthi,https://scholar.google.com/citations?view_op=medium_photo&user=alB-BDAAAAAJ,10,1,1,1,1,0,1
297740,,,9,sYp81SkAAAAJ,{'indices'},Embedded Systems|Bluetooth|Wi-Fi|Android,simranjit singh chadha,https://scholar.google.com/citations?view_op=medium_photo&user=sYp81SkAAAAJ,5,1,1,0,0,0,1
297741,Anna University,@auist.net,9,Zz9bFq4AAAAJ,{'indices'},Mobile Cloud Computing|Web service|Android|Cloud Computing|SOAP & REST,Nithya Ravi,https://scholar.google.com/citations?view_op=medium_photo&user=Zz9bFq4AAAAJ,5,1,1,0,0,0,1
297742,Jurusan Teknik Elektro Fakultas Teknik Universitas Sriwijaya,,9,PC_hNvoAAAAJ,{'indices'},Digital Control|Android|Microcontroller|System on Chips,Zaenal Husin,https://scholar.google.com/citations?view_op=medium_photo&user=PC_hNvoAAAAJ,9,2,2,0,0,0,1
297743,,,9,i7kQ8ZcAAAAJ,{'indices'},OTT|Machine learning|Android|Healthcare and wellness,Prakhyath Kumar Hegde,https://scholar.google.com/citations?view_op=medium_photo&user=i7kQ8ZcAAAAJ,9,2,2,0,0,0,1
297744,Ingegnere Informatico,@virgilio.it,8,Sg9lLIMAAAAJ,{'indices'},C#|JAVA|Kinect|Android|PLC,Rosario Barbagallo,https://scholar.google.com/citations?view_op=medium_photo&user=Sg9lLIMAAAAJ,7,2,1,0,0,0,1
297745,"Msc Cmart cities, Universitat de Girona",@unab.edu.co,8,3UW7OV0AAAAJ,{'indices'},Smart Cities|android|java|blockchain|ethereum,Paulo N Carrillo Peña,https://scholar.google.com/citations?view_op=medium_photo&user=3UW7OV0AAAAJ,6,2,1,0,0,0,1
297746,Central University of Kashmir,@jkbmail.com,8,_laIf-EAAAAJ,{'indices'},Android|Fuzzy Logic,Nazir Ahmad Dar,https://scholar.google.com/citations?view_op=medium_photo&user=_laIf-EAAAAJ,4,1,1,0,0,0,1
297747,Wrocław University of Science and Technology,@pwr.edu.pl,8,y31DMx4AAAAJ,{'indices'},Machine Learning|Deep Learning|Android,Kamil Szyc,https://scholar.google.com/citations?view_op=medium_photo&user=y31DMx4AAAAJ,8,2,2,0,0,0,1
297748,"Ph.D student of Computer Science, University of Gerogia",@uga.edu,8,HSMkvbkAAAAJ,{'indices'},Android|IoT|Security|Audit|Cyber Security,Xingzi Yuan,https://scholar.google.com/citations?view_op=medium_photo&user=HSMkvbkAAAAJ,8,1,1,0,0,0,1
297749,Universitas Putera Batam,@upbatam.ac.id,8,vlM2WhMAAAAJ,{'indices'},Artificial Intelegent|Data Mining|Android,Yulia,https://scholar.google.com/citations?view_op=medium_photo&user=vlM2WhMAAAAJ,8,2,2,0,0,0,1
297750,"Valeo, Amity University",@valeo.com,8,X087k4sAAAAJ,{'indices'},AI ML|IOT Embedded System|Web Development|Cyber Security|Android,DR. GARV MODWEL,https://scholar.google.com/citations?view_op=medium_photo&user=X087k4sAAAAJ,8,2,2,0,0,0,1
297751,"Master in Research, Engineering in IT and electronics",,8,KeBAtmcAAAAJ,{'indices'},microcontrollers|android,Youssef Dirani,https://scholar.google.com/citations?view_op=medium_photo&user=KeBAtmcAAAAJ,8,1,1,0,0,0,1
297752,Centro Federal de Educação Tecnológica Celso Suckow da Fonseca,@cefet-rj.br,8,Kyz5XdMAAAAJ,{'indices'},Microprocessadores|Android|Inteligência Computacional|Algoritmos Genéticos|Redes Neurais,Adriano Moutinho,https://scholar.google.com/citations?view_op=medium_photo&user=Kyz5XdMAAAAJ,2,2,1,0,0,0,1
297753,Profesor de Informática (Instituto Cuatrovientos),@cuatrovientos.org,7,4VSypUcAAAAJ,{'indices'},programación|linux|java|android|php,Pello Altadill,https://scholar.google.com/citations?view_op=medium_photo&user=4VSypUcAAAAJ,1,1,1,0,0,0,1
297754,"Assistant Professor, M.Kumarasamy College of Engineering",@mkce.ac.in,7,ayqsXBgAAAAJ,{'indices'},Android|Image processing,Karthik Venkatachalam,https://scholar.google.com/citations?view_op=medium_photo&user=ayqsXBgAAAAJ,7,1,1,0,0,0,1
297755,Mumbai University,@siesgst.ac.in,7,8dBrBikAAAAJ,{'indices'},Parallel Computing|IOT|Android|Real Time Systems,Preeti Godabole,https://scholar.google.com/citations?view_op=medium_photo&user=8dBrBikAAAAJ,7,1,1,0,0,0,1
297756,Google,@google.com,7,yRXLAd8AAAAJ,{'indices'},Android,Tarandeep Singh,https://scholar.google.com/citations?view_op=medium_photo&user=yRXLAd8AAAAJ,7,1,1,0,0,0,1
297757,"Research Assistant, Copenhagen Center for Health Technology (CACHET), Denmark …",@dtu.dk,7,do1BxD4AAAAJ,{'indices'},UX / UI|Mobile App development|Health care|Flutter|Android,Andrea Quemada Lopategui,https://scholar.google.com/citations?view_op=medium_photo&user=do1BxD4AAAAJ,7,2,2,0,0,0,1
297758,Student of Khulna University of Engineering and Technology,@stud.kuet.ac.bd,7,eSnsub8AAAAJ,{'indices'},Android|web,Md. Juyel Rana,https://scholar.google.com/citations?view_op=medium_photo&user=eSnsub8AAAAJ,7,1,1,0,0,0,1
297759,Naval Postgraduate School,@nps.edu,6,wtD75D8AAAAJ,{'indices'},Mobile Malware|Android|Computer Security|Information Security,Jacob Boomgaarden,https://scholar.google.com/citations?view_op=medium_photo&user=wtD75D8AAAAJ,6,2,2,0,0,0,1
297760,"Student of Computer Science and Engineering ,United International University",@bscse.uiu.ac.bd,6,5dFM1w8AAAAJ,{'indices'},Deep Learning and Computer Vision|Tensorflow|Android|Artificial Intelligence|Robotics,Amit Ghosh,https://scholar.google.com/citations?view_op=medium_photo&user=5dFM1w8AAAAJ,6,2,2,0,0,0,1
297761,Ford Motor Company,@ford.com,6,IBVDq_0AAAAJ,{'indices'},android|operating system security|android security|data mining,Ayush Shah,https://scholar.google.com/citations?view_op=medium_photo&user=IBVDq_0AAAAJ,5,1,1,0,0,0,1
297762,universitas amikom,@amikom.ac.id,6,ySBlZg0AAAAJ,{'indices'},Network Forensic and Cyber Security|IoT|Android|Malware Forensic,Joko Dwi Santoso,https://scholar.google.com/citations?view_op=medium_photo&user=ySBlZg0AAAAJ,6,1,1,0,0,0,1
297763,Master Student @ EMU,@emu.edu.tr,6,PngpHscAAAAJ,{'indices'},Android|Java|application development|Statistics|Text Mining,Ali Moayedi,https://scholar.google.com/citations?view_op=medium_photo&user=PngpHscAAAAJ,6,2,2,0,0,0,1
297764,phd student,,6,cVSbt0QAAAAJ,{'indices'},cs and it|iot|android|python,Alhasan Alharbi,https://scholar.google.com/citations?view_op=medium_photo&user=cVSbt0QAAAAJ,6,1,1,0,0,0,1
297765,Temporary Faculty of MCA,@nitrr.ac.in,6,cxXFkGEAAAAJ,{'indices'},computer network|Android|java,Rajesh Singh Thakur,https://scholar.google.com/citations?view_op=medium_photo&user=cxXFkGEAAAAJ,5,1,1,0,0,0,1
297766,Research Scholar,@srec.ac.in,6,8NN8RnQAAAAJ,{'indices'},Android|Malware|AI|Machine Learning|Deep Neural Networks,Rincy Raphael,https://scholar.google.com/citations?view_op=medium_photo&user=8NN8RnQAAAAJ,6,2,2,0,0,0,1
297767,Escola Politécnica - Universidade de São Paulo,@usp.br,5,1nffcz0AAAAJ,{'indices'},VANTs|agricultura de precisão|Android.,Leonam Paula,https://scholar.google.com/citations?view_op=medium_photo&user=1nffcz0AAAAJ,3,1,1,0,0,0,1
297768,"Student, Akademia Górniczo-Hutnicza",@codelane.tech,5,2yBTyXQAAAAJ,{'indices'},java|android,Dominik Kobylarz,https://scholar.google.com/citations?view_op=medium_photo&user=2yBTyXQAAAAJ,3,1,1,0,0,0,1
297769,Lecturer of Sekolah Tinggi Teknik Surabaya,@stts.edu,5,KTguyhUAAAAJ,{'indices'},Mobile Technology|Android|Data Mining,Amelia Alexandra Putri Warsito,https://scholar.google.com/citations?view_op=medium_photo&user=KTguyhUAAAAJ,5,1,1,0,0,0,1
297770,"Ciência da Computação, Universidade Federal Rural de Pernambuco",@cin.ufpe.br,5,O5o9yacAAAAJ,{'indices'},formal methods|software engineer|software test|android,Iverson Luís Pereira,https://scholar.google.com/citations?view_op=medium_photo&user=O5o9yacAAAAJ,5,1,1,0,0,0,1
297771,"Lecturer of Informatics Management Study Program, Politeknik Negeri Malang PSDKU …",@polinema.ac.id,5,1sct5qsAAAAJ,{'indices'},AI|Network Technology|Information System|Mobile Application|Android,Benni Agung Nugroho,https://scholar.google.com/citations?view_op=medium_photo&user=1sct5qsAAAAJ,5,1,1,0,0,0,1
297772,Gunadarma University,@staff.gunadarma.ac.id,5,SeWAuF4AAAAJ,{'indices'},Information Technology|Social Survei|Android|Open Data Kit,Sukarno,https://scholar.google.com/citations?view_op=medium_photo&user=SeWAuF4AAAAJ,5,1,1,0,0,0,1
297773,Universitas Pakuan,@unpak.ac.id,5,iM08LhEAAAAJ,{'indices'},Algorithm|Web Programming|Android|Usability|ICT Literacy,Halimah Tus Sadiah,https://scholar.google.com/citations?view_op=medium_photo&user=iM08LhEAAAAJ,5,1,1,0,0,0,1
297774,dosen IPA Institut Agama Islam Negeri Bengkulu,@iainbengkulu.ac.id,5,RhHwkWYAAAAJ,{'indices'},fisika|IPA|media pembelajaran|android,Wiji Aziiz Hari Mukti,https://scholar.google.com/citations?view_op=medium_photo&user=RhHwkWYAAAAJ,5,1,1,0,0,0,1
297775,IIT Gandhinagar,@btech2010.iitgn.ac.in,5,-seLaDIAAAAJ,{'indices'},Machine Learning|Artificial Intelligence|Deep Learning|Computer Vision|Android,Anirudha Vishvakarma,https://scholar.google.com/citations?view_op=medium_photo&user=-seLaDIAAAAJ,5,1,1,0,0,0,1
297776,Professor of Computer Science,@uclv.cu,5,XUZeQ_MAAAAJ,{'indices'},Computer Science|android|web develop,Roberto Cabrera,https://scholar.google.com/citations?view_op=medium_photo&user=XUZeQ_MAAAAJ,5,1,1,0,0,0,1
297777,Telkom Institute of Technology Purwokerto,@ittelkom-pwt.ac.id,5,JYOINYMAAAAJ,{'indices'},Image Processing|Classification|Android|Java|Desain Grafis,Muhamad Azrino  Gustalika,https://scholar.google.com/citations?view_op=medium_photo&user=JYOINYMAAAAJ,5,2,2,0,0,0,1
297778,"Assistant Professor, School of Computing Science and Engineering, Galgotias University …",@tmu.ac.in,4,wzIr000AAAAJ,{'indices'},C|C++|DBMS|Java|Android,Deependra Rastogi,https://scholar.google.com/citations?view_op=medium_photo&user=wzIr000AAAAJ,1,1,1,0,0,0,1
297779,Nagpur University,@nit.edu.in,4,uz2WNq4AAAAJ,{'indices'},VoIP|Android|Wi-Fi,Jitesh Zade,https://scholar.google.com/citations?view_op=medium_photo&user=uz2WNq4AAAAJ,2,2,1,0,0,0,1
297780,,@misena.edu.co,4,xGB9mewAAAAJ,{'indices'},Ciencias de la Computación|Robótica|Hardware|IoT|Android,"Galvis-Motoa, Sergio-Ivan",https://scholar.google.com/citations?view_op=medium_photo&user=xGB9mewAAAAJ,4,1,1,0,0,0,1
297781,Assistant Professor of Computer Engineering,@vit.edu.in,4,GwY_NsYAAAAJ,{'indices'},Database|android|security|image processing,AMIT CHANDER DHANWANI,https://scholar.google.com/citations?view_op=medium_photo&user=GwY_NsYAAAAJ,4,2,2,0,0,0,1
297782,JNTU Kakinada,@vvit.net,4,XxIIS7cAAAAJ,{'indices'},Algorithms|Machine Learning|Deep Learning|Android,Naga Sriharsha Mulugu,https://scholar.google.com/citations?view_op=medium_photo&user=XxIIS7cAAAAJ,2,1,1,0,0,0,1
297783,,@webstiffy.com,4,GxiYEWAAAAAJ,{'indices'},IoT|web Development|Android,Saurav Kumar,https://scholar.google.com/citations?view_op=medium_photo&user=GxiYEWAAAAAJ,4,1,1,0,0,0,1
297784,Professor of Computer Science,,4,1lyA4E8AAAAJ,{'indices'},Computer Science|Android|Web design,Aminu Sa'eed Haruna,https://scholar.google.com/citations?view_op=medium_photo&user=1lyA4E8AAAAJ,3,1,1,0,0,0,1
297785,,@dei.uc.pt,4,5Axqbu8AAAAJ,{'indices'},Machine Learning|Android,Luís Gonçalo,https://scholar.google.com/citations?view_op=medium_photo&user=5Axqbu8AAAAJ,4,1,1,0,0,0,1
297786,Mobile Architect,@zillion.com,4,bbiQwK4AAAAJ,{'indices'},HRIS|Android|JAVA|Kotlin|Artificial Intelligence,Jayasakthivel Rajkumar Rajasekaran,https://scholar.google.com/citations?view_op=medium_photo&user=bbiQwK4AAAAJ,3,1,1,0,0,0,1
297787,"Research Scholar, Computer Science & Engg, Jawaharlal Nehru Technological University …",@gprec.ac.in,3,aGYEDg4AAAAJ,{'indices'},Software Engineering|Software Testing|Agile Software Development|Android|Internet of Things,Lalband Neelu,https://scholar.google.com/citations?view_op=medium_photo&user=aGYEDg4AAAAJ,3,1,1,0,0,0,1
297788,American University of Beirut,@aub.edu.lb,3,pqVUvlIAAAAJ,{'indices'},Security|Mobile Security|Android|Mobile Sensors|Machine Learning,Khaled Bakhit,https://scholar.google.com/citations?view_op=medium_photo&user=pqVUvlIAAAAJ,3,1,1,0,0,0,1
297789,"Assistant professor of Electronics and Communication, MIT Engineering college …",,3,y2Jz7-UAAAAJ,{'indices'},Android|Internet of things|cloud computing|embedded system|php,Ashutosh Makone,https://scholar.google.com/citations?view_op=medium_photo&user=y2Jz7-UAAAAJ,3,1,1,0,0,0,1
297790,"Assistant professor, CSE",@ncetmail.com,3,o1rN5zYAAAAJ,{'indices'},wireless network|datamining|android|agriculture|cloud,Bhargava R,https://scholar.google.com/citations?view_op=medium_photo&user=o1rN5zYAAAAJ,3,1,1,0,0,0,1
297791,Makerere University,@cit.ac.ug,3,S5ajN7wAAAAJ,{'indices'},Machine Learning|Android|IOS|Mobile Apps,Mwesigwa Ezra,https://scholar.google.com/citations?view_op=medium_photo&user=S5ajN7wAAAAJ,3,1,1,0,0,0,1
297792,"Assistant Professor, Devang Patel Institute of Advance Technology and Research …",@charusat.ac.in,3,AC_jnB4AAAAJ,{'indices'},Security|Networking|Android|IoT,Khushi Patel/Khushi Popat,https://scholar.google.com/citations?view_op=medium_photo&user=AC_jnB4AAAAJ,3,1,1,0,0,0,1
297793,stikom bali,@stikom-bali.ac.id,3,53qkcXIAAAAJ,{'indices'},text mining|sentiment analysis|android,I Komang Dharmendra,https://scholar.google.com/citations?view_op=medium_photo&user=53qkcXIAAAAJ,3,1,1,0,0,0,1
